
-- 언어테이블
INSERT LANGUAGE (LANG_CODE, LANG_NAME) Values(1, 'KO');
INSERT LANGUAGE (LANG_CODE, LANG_NAME) Values(2, 'ENG');


-- 버전 테이블
INSERT VERSION (VERSION_CODE, VERSION_NAME) Values(1, '1.0.0');
INSERT VERSION (VERSION_CODE, VERSION_NAME) Values(2, '1.0.1');
INSERT VERSION (VERSION_CODE, VERSION_NAME) Values(3, '1.0.2');
INSERT VERSION (VERSION_CODE, VERSION_NAME) Values(4, '1.0.3');


-- 업데이트(APP) 테이블
INSERT UPDATE_APP (VERSION_CODE, UPDATE_CONTENT) Values(1, 'App 1.0.0
1.드림 리스트 메모 기능
2. 비밀번호 기능');

INSERT UPDATE_APP (VERSION_CODE, UPDATE_CONTENT) Values(2, 'App 1.0.1
1. 완료된 목록에서도 상세화면 보기/수정 가능
2. 일부 화면 세로모드로 화면 수정
3. 백키 기능 정의
4. 버전 확인 기능 추가');

INSERT UPDATE_APP (VERSION_CODE, UPDATE_CONTENT) Values(3, 'App 1.0.2 
1. 위젯 기능 추가
2. 드림 리스트 카메라로 이미지 추가
3. 완료된 목록에서 이미지 보기
4. 환경설정 기능 DB 백업 기능 추가
5. 완료된 목록 화면 수정');

INSERT UPDATE_APP (VERSION_CODE, UPDATE_CONTENT) Values(4, 'App 1.0.3
1. 인트로 애니메이션 추가
2. 팝업 추가
3. 버킷 입력 후 포커스 이동
4. DB복원 기능 추가');


-- 버킷 분류 테이블
INSERT CATEGORY_BUCKET (CATEGORY_CODE, CATEGORY_NAME) Values(1, 'LIFE');
INSERT CATEGORY_BUCKET (CATEGORY_CODE, CATEGORY_NAME) Values(2, 'LOVE');
INSERT CATEGORY_BUCKET (CATEGORY_CODE, CATEGORY_NAME) Values(3, 'WORK');
INSERT CATEGORY_BUCKET (CATEGORY_CODE, CATEGORY_NAME) Values(4, 'EDUCATION');
INSERT CATEGORY_BUCKET (CATEGORY_CODE, CATEGORY_NAME) Values(5, 'FAMILY');
INSERT CATEGORY_BUCKET (CATEGORY_CODE, CATEGORY_NAME) Values(6, 'FINANCE');
INSERT CATEGORY_BUCKET (CATEGORY_CODE, CATEGORY_NAME) Values(7, 'DEVELOP');
INSERT CATEGORY_BUCKET (CATEGORY_CODE, CATEGORY_NAME) Values(8, 'HEALTH');
INSERT CATEGORY_BUCKET (CATEGORY_CODE, CATEGORY_NAME) Values(9, 'ETC');


-- 사용자 생성 테이블
INSERT USER_MOBILE (OS, PHONE, VERSION_NAME) Values('A', '01050666713', '1.0.3');

-- 마켓 테이블
INSERT MARKET_INFO (MARKET_CODE, MARKET) Values(1, 'GOOGLE');
INSERT MARKET_INFO (MARKET_CODE, MARKET) Values(2, 'APPLE');
INSERT MARKET_INFO (MARKET_CODE, MARKET) Values(3, 'TSTORE');
INSERT MARKET_INFO (MARKET_CODE, MARKET) Values(3, 'NAVER');

-- 버킷  테이블
INSERT BUCKET (CATEGORY_CODE, CONTENT, CREATE_DT) Values(1, '퇴사하기', '2015-12-18 15:32:41');

-- 댓글  테이블
INSERT COMMENT (CONTENT, CREATE_DT, BUCKET_NO) Values('수고헀습니다', '20151208200001', 1);

-- 사용자  테이블
INSERT ACCOUNT (USERNAME, ID, PASSWORD) Values('admin', 'admin','fpdlel0102.');
INSERT ACCOUNT (USERNAME, ID, PASSWORD) Values('guest', 'guest','guest2030');

-- 서버 IP 관리 테이블
INSERT IP (VERSION_CODE, VERSION_NAME) Values(1, '222.112.228.184');

-- 버킷 테이블 모두 보이게 처리
UPDATE BUCKET SET HIDDEN = 'N';

-- 버킷 랭킹 테이블
INSERT BUCKET_RANK (CONTENT) Values('번지 점프 하기');
INSERT BUCKET_RANK (CONTENT) Values('패러글라이딩 하기');
INSERT BUCKET_RANK (CONTENT) Values('행복한 결혼 하기');
INSERT BUCKET_RANK (CONTENT) Values('악기 1개 배우기');
INSERT BUCKET_RANK (CONTENT) Values('재능 기부하기');
INSERT BUCKET_RANK (CONTENT) Values('한자 자격증 따기');
INSERT BUCKET_RANK (CONTENT) Values('내집 마련하기');
INSERT BUCKET_RANK (CONTENT) Values('제주도 여행가기');
INSERT BUCKET_RANK (CONTENT) Values('전국 여행하기');
INSERT BUCKET_RANK (CONTENT) Values('제2외국어 배워보기');

INSERT BUCKET_RANK (CONTENT) Values('마라톤 도전해보기');
INSERT BUCKET_RANK (CONTENT) Values('유럽 배낭여행 해보기');
INSERT BUCKET_RANK (CONTENT) Values('좋아하는 공연 보러가기');
INSERT BUCKET_RANK (CONTENT) Values('애완동물 함께하기 ');
INSERT BUCKET_RANK (CONTENT) Values('인생샷 남기기');
INSERT BUCKET_RANK (CONTENT) Values('정원 만들기');
INSERT BUCKET_RANK (CONTENT) Values('미술 배워보기');
INSERT BUCKET_RANK (CONTENT) Values('수영 배우기');
INSERT BUCKET_RANK (CONTENT) Values('첫사랑 만나기');
INSERT BUCKET_RANK (CONTENT) Values('가족 사진 찍기');


-- 버킷  테이블 (1.0 버전 백업용/2015~2016)
INSERT BUCKET (CATEGORY_CODE, CONTENT, IMAGE_URL, NICKNAME, PHONE, CREATE_DT, IDX, HIDDEN) Values
(2, '친구들과 정동진 해돋이보기', '20160121_102518.jpg', 'dreamgirl', '', '2016-01-02 10:06:23', 124, 'N');

INSERT BUCKET (CATEGORY_CODE, CONTENT, IMAGE_URL, NICKNAME, PHONE, CREATE_DT, IDX, HIDDEN) Values
(5, '크리스마스에 가족들과 좋은 시간 가지기', '20160121_102523.jpg', 'dreamgirl', '', '2015-12-23 5:22:18', 125, 'N');

INSERT BUCKET (CATEGORY_CODE, CONTENT, IMAGE_URL, NICKNAME, PHONE, CREATE_DT, IDX, HIDDEN) Values
(8, '헬쓰 다니기', '20160121_102527.jpg', 'dreamgirl', '', '2015-12-18 15:32:41', 126, 'N');

INSERT BUCKET (CATEGORY_CODE, CONTENT, IMAGE_URL, NICKNAME, PHONE, CREATE_DT, IDX, HIDDEN) Values
(1, '신발 구매하기', '20160121_102546.jpg', 'dreamgirl', '', '2015-12-17 21:48:31', 127, 'N');

INSERT BUCKET (CATEGORY_CODE, CONTENT, IMAGE_URL, NICKNAME, PHONE, CREATE_DT, IDX, HIDDEN) Values
(4, 'sk open api 교육 (t 아카데미 )', '20160121_102550.jpg', 'dreamgirl', '', '2015-12-16 23:03:25', 128, 'N');

INSERT BUCKET (CATEGORY_CODE, CONTENT, IMAGE_URL, NICKNAME, PHONE, CREATE_DT, IDX, HIDDEN) Values
(1, '머리 파마 하기', '20160121_102557.jpg', 'dreamgirl', '', '2015-12-16 22:56:34', 129, 'N');

INSERT BUCKET (CATEGORY_CODE, CONTENT, IMAGE_URL, NICKNAME, PHONE, CREATE_DT, IDX, HIDDEN) Values
(4, '모바일 트렌드 강연회', 'N', 'dreamgirl', '', '2015-12-16 22:56:46', 130, 'N');

INSERT BUCKET (CATEGORY_CODE, CONTENT, IMAGE_URL, NICKNAME, PHONE, CREATE_DT, IDX, HIDDEN) Values
(4, '가까운 어학원 알아보기', 'N', 'dreamgirl', '', '2015-12-16 22:57:45', 131, 'N');

INSERT BUCKET (CATEGORY_CODE, CONTENT, IMAGE_URL, NICKNAME, PHONE, CREATE_DT, IDX, HIDDEN) Values
(9, '헤어미스트 구매하기', 'N', 'dreamgirl', '', '2015-12-17 14:02:07', 132, 'N');

INSERT BUCKET (CATEGORY_CODE, CONTENT, IMAGE_URL, NICKNAME, PHONE, CREATE_DT, IDX, HIDDEN) Values
(9, '편한 의자 구매하기', 'N', 'dreamgirl', '', '2015-12-30 1:04:54', 133, 'N');

INSERT BUCKET (CATEGORY_CODE, CONTENT, IMAGE_URL, NICKNAME, PHONE, CREATE_DT, IDX, HIDDEN) Values
(4, '카페가서 반나절 공부하기', '20160122_035610.jpg', 'dreamgirl', '', '2016-01-22 15:55:56', 134, 'N');

INSERT BUCKET (CATEGORY_CODE, CONTENT, IMAGE_URL, NICKNAME, PHONE, CREATE_DT, IDX, HIDDEN) Values
(9, '지갑사기', '20160125_050156.jpg', 'dreamgirl', '', '2016-01-11 15:30:27', 135, 'N');

INSERT BUCKET (CATEGORY_CODE, CONTENT, IMAGE_URL, NICKNAME, PHONE, CREATE_DT, IDX, HIDDEN) Values
(4, '방송대 컴퓨터과학과 신입생 합격하기', '20160205_103920.jpg', 'PURMIR', '', '2016-01-28 19:22:37', 136, 'N');

INSERT BUCKET (CATEGORY_CODE, CONTENT, IMAGE_URL, NICKNAME, PHONE, CREATE_DT, IDX, HIDDEN) Values
(1, '새로운 터전 구하기', '20160206_025655.jpg', 'dreamgirl', '', '2015-12-30 1:05:15', 137, 'N');

INSERT BUCKET (CATEGORY_CODE, CONTENT, IMAGE_URL, NICKNAME, PHONE, CREATE_DT, IDX, HIDDEN) Values
(8, '2/21 마라톤 대회 나가기 5km', '20160225_072035.jpg', 'dreamgirl', '', '2016-01-09 15:09:11', 138, 'N');

INSERT BUCKET (CATEGORY_CODE, CONTENT, IMAGE_URL, NICKNAME, PHONE, CREATE_DT, IDX, HIDDEN) Values
(1, '이사하기', '20160309_112338.jpg', '미니뿡', '', '2016-03-09 23:23:11', 139, 'N');

INSERT BUCKET (CATEGORY_CODE, CONTENT, IMAGE_URL, NICKNAME, PHONE, CREATE_DT, IDX, HIDDEN) Values
(8, '밤식빵사먹기 맛이좋았다. 밤이 조금밖에 안박혀있었다.', '20160320_101309.jpg', '미니뿡', '', '2016-03-20 22:10:53', 140, 'N');

INSERT BUCKET (CATEGORY_CODE, CONTENT, IMAGE_URL, NICKNAME, PHONE, CREATE_DT, IDX, HIDDEN) Values
(1, '신화 콘서트 가기', '20160330_100920.jpg', '', '', '2016-03-29 21:44:41', 141, 'N');

INSERT BUCKET (CATEGORY_CODE, CONTENT, IMAGE_URL, NICKNAME, PHONE, CREATE_DT, IDX, HIDDEN) Values
(5, '맛집가서 가족들과 외식하기', '20160402_050439.jpg', 'dreamgirl', '', '2016-04-02 17:03:52', 142, 'N');

INSERT BUCKET (CATEGORY_CODE, CONTENT, IMAGE_URL, NICKNAME, PHONE, CREATE_DT, IDX, HIDDEN) Values
(5, '아빠 생일 선물로 신발 사기', '20160403_113518.jpg', 'dreamgirl', '', '2016-02-12 4:27:44', 143, 'N');


INSERT BUCKET (CATEGORY_CODE, CONTENT, IMAGE_URL, NICKNAME, PHONE, CREATE_DT, IDX, HIDDEN) Values
(3, '취업하기', 'N', 'PURMIR', '', '2016-04-03 22:36:52', 144, 'N');

INSERT BUCKET (CATEGORY_CODE, CONTENT, IMAGE_URL, NICKNAME, PHONE, CREATE_DT, IDX, HIDDEN) Values
(5, '오빠 스쿠터 헬멧 선물하기', '20160509_090746.jpg', 'dreamgirl', '', '2016-05-09', 145, 'N');

INSERT BUCKET (CATEGORY_CODE, CONTENT, IMAGE_URL, NICKNAME, PHONE, CREATE_DT, IDX, HIDDEN) Values
(1, '아반떼 AD 다이캐스팅 사기', '20160520_110132.jpg', 'US코', '', '2016-05-18', 146, 'N');

INSERT BUCKET (CATEGORY_CODE, CONTENT, IMAGE_URL, NICKNAME, PHONE, CREATE_DT, IDX, HIDDEN) Values
(2, '남자친구랑 놀이동산 가보기', '20160522_053056.jpg', 'dreamgirl', '', '2016-05-22', 147, 'N');

INSERT BUCKET (CATEGORY_CODE, CONTENT, IMAGE_URL, NICKNAME, PHONE, CREATE_DT, IDX, HIDDEN) Values
(8, '트레이닝복 사기', '20160528_093035.jpg', 'dreamgirl', '', '2016-05-28', 148, 'N');


INSERT BUCKET (CATEGORY_CODE, CONTENT, IMAGE_URL, NICKNAME, PHONE, CREATE_DT, IDX, HIDDEN) Values
(7, '눈썹 반영구 문신하기', '20160604_063725.jpg', 'dreamgirl', '', '2016-05-28', 149, 'N');

INSERT BUCKET (CATEGORY_CODE, CONTENT, IMAGE_URL, NICKNAME, PHONE, CREATE_DT, IDX, HIDDEN) Values
(8, '10km 마라톤 완주하기', '20160606_110647.jpg', 'dreamgirl', '', '2016-06-06', 150, 'N');

INSERT BUCKET (CATEGORY_CODE, CONTENT, IMAGE_URL, NICKNAME, PHONE, CREATE_DT, IDX, HIDDEN) Values
(1, '신차 출고완료', '20160613_054346.jpg', '마블이', '', '2016-06-13', 151, 'N');

INSERT BUCKET (CATEGORY_CODE, CONTENT, IMAGE_URL, NICKNAME, PHONE, CREATE_DT, IDX, HIDDEN) Values
(1, '타이완여행 가기', '20160620_115456.jpg', '3221', '', '2016-06-04', 152, 'N');

INSERT BUCKET (CATEGORY_CODE, CONTENT, IMAGE_URL, NICKNAME, PHONE, CREATE_DT, IDX, HIDDEN) Values
(2, '스크린골프 데이트', '20160627_063258.jpg', 'dreamgirl', '', '2016-06-27', 153, 'N');


INSERT BUCKET (CATEGORY_CODE, CONTENT, IMAGE_URL, NICKNAME, PHONE, CREATE_DT, IDX, HIDDEN) Values
(1, '배기튜닝하기', '20160705_090503.jpg', 'US코코', '', '2016-07-05', 154, 'N');

INSERT BUCKET (CATEGORY_CODE, CONTENT, IMAGE_URL, NICKNAME, PHONE, CREATE_DT, IDX, HIDDEN) Values
(1, '살자', 'N', 'rewer33', '', '2016-07-23', 155, 'N');

INSERT BUCKET (CATEGORY_CODE, CONTENT, IMAGE_URL, NICKNAME, PHONE, CREATE_DT, IDX, HIDDEN) Values
(1, '가족과 인천으로 휴가가기', '20160726_064826.jpg', 'dreamgirl', '', '2016-07-13', 156, 'N');

INSERT BUCKET (CATEGORY_CODE, CONTENT, IMAGE_URL, NICKNAME, PHONE, CREATE_DT, IDX, HIDDEN) Values
(1, '취업하기', '20160627_063258.jpg', 'rlaguswnd69', '', '2017-01-25', 157, 'N');

INSERT BUCKET (CATEGORY_CODE, CONTENT, IMAGE_URL, NICKNAME, PHONE, CREATE_DT, IDX, HIDDEN) Values
(1, '해외여행', 'N', '어진아이', '', '2016-08-19', 158, 'N');


--COMMENT

INSERT COMMENT (NICKNAME, CONTENT, CREATE_DT, BUCKET_NO, IDX) VALUES
('미니뿡','운동많이하세여~!', '2016-03-09 11:18:01', 138, 71);

INSERT COMMENT (NICKNAME, CONTENT, CREATE_DT, BUCKET_NO, IDX) VALUES
('미니뿡','세탁기전자렌지 짱좋네영', '2016-03-09 11:18:18', 137, 72);

INSERT COMMENT (NICKNAME, CONTENT, CREATE_DT, BUCKET_NO, IDX) VALUES
('미니뿡','커퓌커퓌~!', '2016-03-09 11:20:50', 134, 73);

INSERT COMMENT (NICKNAME, CONTENT, CREATE_DT, BUCKET_NO, IDX) VALUES
('미니뿡','영어는어려붜용/!', '2016-03-09 11:21:18', 131, 74);

INSERT COMMENT (NICKNAME, CONTENT, CREATE_DT, BUCKET_NO, IDX) VALUES
('미니뿡','열공하세여~!', '2016-03-09 11:18:01', 136, 75);

INSERT COMMENT (NICKNAME, CONTENT, CREATE_DT, BUCKET_NO, IDX) VALUES
('미니뿡','네이버에서 찾으세요!', '2016-03-09 11:25:24', 130, 76);

INSERT COMMENT (NICKNAME, CONTENT, CREATE_DT, BUCKET_NO, IDX) VALUES
('미니뿡','예쁘네요', '2016-03-09 11:25:44', 129, 77);

INSERT COMMENT (NICKNAME, CONTENT, CREATE_DT, BUCKET_NO, IDX) VALUES
('미니뿡','재밌나요??', '	2016-03-09 11:26:38', 128, 78);

INSERT COMMENT (NICKNAME, CONTENT, CREATE_DT, BUCKET_NO, IDX) VALUES
('미니뿡','뜨시겠네여!', '2016-03-09 11:26:46', 127, 79);

INSERT COMMENT (NICKNAME, CONTENT, CREATE_DT, BUCKET_NO, IDX) VALUES
('미니뿡','살빼세여~!', '2016-03-09 11:27:00', 126, 80);

INSERT COMMENT (NICKNAME, CONTENT, CREATE_DT, BUCKET_NO, IDX) VALUES
('미니뿡','메리클쇼ㅡ마쓰', '2016-03-09 11:27:14', 125, 81);

INSERT COMMENT (NICKNAME, CONTENT, CREATE_DT, BUCKET_NO, IDX) VALUES
('drealgirl','ㅋㅋㅋㅋ이거맛있나용?', '2016-03-20 10:44:16', 140, 86);

INSERT COMMENT (NICKNAME, CONTENT, CREATE_DT, BUCKET_NO, IDX) VALUES
('미니뿡','맛있어용 사드세영', '2016-03-20 10:52:36', 140, 87);

INSERT COMMENT (NICKNAME, CONTENT, CREATE_DT, BUCKET_NO, IDX) VALUES
('dreamgirl','와우 !  멋지네요ㅋㅋ', '2016-03-30 11:18:29', 142, 88);

INSERT COMMENT (NICKNAME, CONTENT, CREATE_DT, BUCKET_NO, IDX) VALUES
('PURMIR','모두모두 감사합니다.^^', '2016-04-03 10:36:11', 143, 89);

INSERT COMMENT (NICKNAME, CONTENT, CREATE_DT, BUCKET_NO, IDX) VALUES
('PURMIR','신발이 멋있네요. 아버님께서 멋진신발만큼이나 멋진곳을 많이 다니셨으면 좋겠어요^^', '2016-04-04 12:15:13', 143, 90);

INSERT COMMENT (NICKNAME, CONTENT, CREATE_DT, BUCKET_NO, IDX) VALUES
('drealgirl','감사합니다. purmir님 첫 댓글이신거같은데 자주뵈용!ㅋㅋ좋은하루보내세용ㅋ', '2016-04-04 7:51:09', 143, 91);

INSERT COMMENT (NICKNAME, CONTENT, CREATE_DT, BUCKET_NO, IDX) VALUES
('drealgirl','축하드립니다 취뽀!', '2016-04-04 7:51:56', 144, 92);

INSERT COMMENT (NICKNAME, CONTENT, CREATE_DT, BUCKET_NO, IDX) VALUES
('vision530','미움받을 용기 ㅡ 읽기', '2016-04-06 11:15:39', 131, 93);

INSERT COMMENT (NICKNAME, CONTENT, CREATE_DT, BUCKET_NO, IDX) VALUES
('미니뿡','맛잇겟네요!', '2016-04-08 11:16:06', 142, 94);

INSERT COMMENT (NICKNAME, CONTENT, CREATE_DT, BUCKET_NO, IDX) VALUES
('dreamgirl','맛있었어용ㅋㅋ', '2016-04-09 4:09:29', 142, 95);



INSERT COMMENT (NICKNAME, CONTENT, CREATE_DT, BUCKET_NO, IDX) VALUES
('3221','축하합니다 ㅎㅎ', '2016-04-10 6:52:57', 144, 96);

INSERT COMMENT (NICKNAME, CONTENT, CREATE_DT, BUCKET_NO, IDX) VALUES
('3221','ㅋㅋㅋㅋㅋ', '2016-04-10 6:53:28', 124, 97);

INSERT COMMENT (NICKNAME, CONTENT, CREATE_DT, BUCKET_NO, IDX) VALUES
('3221','저는 조카들과 보냈어요', '2016-04-10 6:53:47', 125, 98);

INSERT COMMENT (NICKNAME, CONTENT, CREATE_DT, BUCKET_NO, IDX) VALUES
('3221','이쁘네', '2016-04-10 7:01:00', 135, 99);

INSERT COMMENT (NICKNAME, CONTENT, CREATE_DT, BUCKET_NO, IDX) VALUES
('555','축하합니다.....', '2016-04-16 9:06:08', 144, 100);


INSERT COMMENT (NICKNAME, CONTENT, CREATE_DT, BUCKET_NO, IDX) VALUES
('다~이뤘다~','둘째,세째 생파해주기', '2016-04-24 11:34:34', 143, 101);

INSERT COMMENT (NICKNAME, CONTENT, CREATE_DT, BUCKET_NO, IDX) VALUES
('dreamgirl','다이뤘다님 반갑습니다ㅋㅋ', '2016-04-28 6:24:08', 143, 102);

INSERT COMMENT (NICKNAME, CONTENT, CREATE_DT, BUCKET_NO, IDX) VALUES
('dreamgirl','다들 좋은 시간 보내셨겠죠?', '2016-04-28 6:25:52', 125, 103);

INSERT COMMENT (NICKNAME, CONTENT, CREATE_DT, BUCKET_NO, IDX) VALUES
('PURMIR','감사합니다~^^', '2016-05-05 8:19:15', 144, 104);

INSERT COMMENT (NICKNAME, CONTENT, CREATE_DT, BUCKET_NO, IDX) VALUES
('미니뿡','예쁜것샀네요!', '2016-05-15 10:26:08', 148, 105);


INSERT COMMENT (NICKNAME, CONTENT, CREATE_DT, BUCKET_NO, IDX) VALUES
('dreamgirl','ㅋㅋㅋ헬멧 이쁜가요? 감사해용^^', '2016-05-16 8:08:15', 148, 106);

INSERT COMMENT (NICKNAME, CONTENT, CREATE_DT, BUCKET_NO, IDX) VALUES
('US코코','이쁩니다 ^^ 안전운전하세요 안전이 생명이라구요~! ㅎㅎ', '2016-05-20 11:00:16', 148, 107);

INSERT COMMENT (NICKNAME, CONTENT, CREATE_DT, BUCKET_NO, IDX) VALUES
('US코코','진심으로 추카영~!!', '2016-05-20 11:00:40', 144, 107);

INSERT COMMENT (NICKNAME, CONTENT, CREATE_DT, BUCKET_NO, IDX) VALUES
('US코코','뒤늦게 적네여 ㅎㅎ', '2016-05-20 11:04:21', 151, 109);

INSERT COMMENT (NICKNAME, CONTENT, CREATE_DT, BUCKET_NO, IDX) VALUES
('US코코','깔끔하고 좋네요 좋은집에서 행복하게 사셔요 ^^', '2016-05-20 11:07:24', 139, 110);

INSERT COMMENT (NICKNAME, CONTENT, CREATE_DT, BUCKET_NO, IDX) VALUES
('US코코','밤식빵 커피에 찍어먹는것도  맛있죠 ㅎㅎ', '2016-05-20 11:08:34', 140, 111);


INSERT COMMENT (NICKNAME, CONTENT, CREATE_DT, BUCKET_NO, IDX) VALUES
('dreamgirl','우왕 축하해옹 파랑이네요!', '2016-05-21 12:57:28', 151, 112);

INSERT COMMENT (NICKNAME, CONTENT, CREATE_DT, BUCKET_NO, IDX) VALUES
('dreamgirl','ㅋㅋㅋㅋ', '2016-05-21 12:57:38', 148, 113);

INSERT COMMENT (NICKNAME, CONTENT, CREATE_DT, BUCKET_NO, IDX) VALUES
('dreamgirl','커피와 밤식빵 같이 먹어보고싶군여!', '2016-05-21 3:40:51', 140, 114);

INSERT COMMENT (NICKNAME, CONTENT, CREATE_DT, BUCKET_NO, IDX) VALUES
('dreamgirl','심플한 지갑 이제는 통장지갑으로쓰고있습니다^^', '2016-05-21 3:41:40', 135, 115);

INSERT COMMENT (NICKNAME, CONTENT, CREATE_DT, BUCKET_NO, IDX) VALUES
('토토','예쁘네요', '2016-05-24 10:47:04', 129, 116);

INSERT COMMENT (NICKNAME, CONTENT, CREATE_DT, BUCKET_NO, IDX) VALUES
('PURMIR','블럭제빵소 밤식빵에 밤 많이 있습니다~', '2016-05-26 9:12:51', 140, 119);

INSERT COMMENT (NICKNAME, CONTENT, CREATE_DT, BUCKET_NO, IDX) VALUES
('미니뿡','ㅋㅋ사진크게보고싶네ㅋㅋ', '2016-06-04 6:04:13', 152, 122);


INSERT COMMENT (NICKNAME, CONTENT, CREATE_DT, BUCKET_NO, IDX) VALUES
('dreamgirl','안되요!', '2016-06-05 11:03:49', 152, 123);

INSERT COMMENT (NICKNAME, CONTENT, CREATE_DT, BUCKET_NO, IDX) VALUES
('US코코','오올 이뻐요 ㅎㅎ', '2016-06-07 3:56:13', 149, 124);

INSERT COMMENT (NICKNAME, CONTENT, CREATE_DT, BUCKET_NO, IDX) VALUES
('dreamgirl','감사합니다!  실제로 보면 짱구눈썹이었어요~^^ㅋㅋ', '2016-06-07 7:21:13', 149, 125);

INSERT COMMENT (NICKNAME, CONTENT, CREATE_DT, BUCKET_NO, IDX) VALUES
('미니뿡','댓글이안달려효~!', '2016-06-07 8:25:49', 155, 126);

INSERT COMMENT (NICKNAME, CONTENT, CREATE_DT, BUCKET_NO, IDX) VALUES
('미니뿡','멋저요!', '2016-06-07 8:26:31', 155, 127);


INSERT COMMENT (NICKNAME, CONTENT, CREATE_DT, BUCKET_NO, IDX) VALUES
('dreamgirl','ㅋㅋㅋ감사합시당^^', '2016-06-08 9:17:33', 155, 128);

INSERT COMMENT (NICKNAME, CONTENT, CREATE_DT, BUCKET_NO, IDX) VALUES
('숙','슬리퍼', '2016-06-10 5:48:01', 144, 129);

INSERT COMMENT (NICKNAME, CONTENT, CREATE_DT, BUCKET_NO, IDX) VALUES
('PURMIR','오너되셨네여~ 축하드려요~', '2016-06-13 6:17:56', 154, 130);

INSERT COMMENT (NICKNAME, CONTENT, CREATE_DT, BUCKET_NO, IDX) VALUES
('미니뿡','안전운전하세여~!', '2016-06-13 11:17:02', 154, 131);

INSERT COMMENT (NICKNAME, CONTENT, CREATE_DT, BUCKET_NO, IDX) VALUES
('짱시룸안알랴줌','사랑합니다!', '2016-06-14 4:57:57', 152, 132);


INSERT COMMENT (NICKNAME, CONTENT, CREATE_DT, BUCKET_NO, IDX) VALUES
('dreamgirl','ㅋㅋㅋㅋ', '2016-06-15 7:34:46', 152, 133);

INSERT COMMENT (NICKNAME, CONTENT, CREATE_DT, BUCKET_NO, IDX) VALUES
('dreamgirl','좋은정보 감사합니다^^', '2016-06-15 7:36:44', 140, 134);

INSERT COMMENT (NICKNAME, CONTENT, CREATE_DT, BUCKET_NO, IDX) VALUES
('3221','우와 대단하네요ㅠ저는 5km도 힘든데..', '2016-06-20 9:21:13', 155, 135);

INSERT COMMENT (NICKNAME, CONTENT, CREATE_DT, BUCKET_NO, IDX) VALUES
('dreamgirl','다음에 같이 뛰실뿐 모집해요!', '2016-06-20 9:42:12', 155, 136);

INSERT COMMENT (NICKNAME, CONTENT, CREATE_DT, BUCKET_NO, IDX) VALUES
('dreamgirl','우왕 좋았겠어요~!!', '2016-06-20 12:42:26', 157, 137);


INSERT COMMENT (NICKNAME, CONTENT, CREATE_DT, BUCKET_NO, IDX) VALUES
('US코코','아.. 나두 가고싶다..ㅠㅠ', '2016-06-21 12:18:18', 157, 138);





















